Gmodel acc,hyper_keys,hyper_item
0.13189999759197235,K,50
0.1648000031709671,B,1024
0.16249999403953552,split_method,bySample_bal_split
0.19130000472068787,C,0.5
0.2500999867916107,E,7
0.2046000063419342,mu,0
0.12720000743865967,,
0.2953999936580658,,
0.14970000088214874,,
0.3334999978542328,,
