Gmodel acc,hyper_keys,hyper_item
0.10849999636411667,K,100
0.1290999948978424,B,1024
0.1525000035762787,split_method,bySample_bal_split
0.22609999775886536,C,0.5
0.13539999723434448,E,3
0.21889999508857727,mu,0
0.16439999639987946,,
0.15960000455379486,,
0.2295999974012375,,
0.19429999589920044,,
