Gmodel acc,hyper_keys,hyper_item
0.08380000293254852,K,100
0.07980000227689743,B,1024
0.08709999918937683,split_method,bySample_bal_split
0.08219999819993973,C,0.5
0.09610000252723694,E,1
0.08380000293254852,mu,0.0
0.10570000112056732,,
0.12380000203847885,,
0.17010000348091125,,
0.21230000257492065,,
