Gmodel acc,hyper_keys,hyper_item
0.14890000224113464,K,1000
0.10350000113248825,B,1024
0.12430000305175781,split_method,bySample_bal_split
0.1607999950647354,C,0.1
0.10220000147819519,E,7
0.21799999475479126,mu,0
0.19349999725818634,,
0.27970001101493835,,
0.2004999965429306,,
0.2646999955177307,,
