Gmodel acc,hyper_keys,hyper_item
0.12790000438690186,K,100
0.14749999344348907,B,1024
0.16590000689029694,split_method,bySample_bal_split
0.17900000512599945,C,1.0
0.18770000338554382,E,1
0.1972000002861023,mu,1.0
0.20350000262260437,,
0.21050000190734863,,
0.2206999957561493,,
0.2353000044822693,,
