Gmodel acc,hyper_keys,hyper_item
0.0957999974489212,K,50
0.0957999974489212,B,1024
0.10209999978542328,split_method,bySample_bal_split
0.11349999904632568,C,0.1
0.1485999971628189,E,7
0.13740000128746033,mu,0.0
0.18700000643730164,,
0.2102999985218048,,
0.19599999487400055,,
0.1340000033378601,,
