Gmodel acc,hyper_keys,hyper_item
0.08919999748468399,K,12
0.10369999706745148,B,1024
0.1370999962091446,split_method,bySample_bal_split
0.17790000140666962,C,0.1
0.1860000044107437,E,7
0.10320000350475311,mu,0
0.1543000042438507,,
0.09749999642372131,,
0.09740000218153,,
0.11020000278949738,,
