Gmodel acc,hyper_keys,hyper_item
0.08889999985694885,K,1000
0.09619999676942825,B,1024
0.09960000216960907,split_method,bySample_bal_split
0.10080000013113022,C,1.0
0.10199999809265137,E,1
0.10289999842643738,mu,1.0
0.10339999943971634,,
0.10429999977350235,,
0.10750000178813934,,
0.10939999669790268,,
