Gmodel acc,hyper_keys,hyper_item,split_method
0.10029999911785126,K,12.0,b
0.14499999582767487,B,1024.0,y
0.0763000026345253,C,0.5,C
0.23019999265670776,E,3.0,l
