Gmodel acc,hyper_keys,hyper_item
0.1331000030040741,K,100
0.1518000066280365,B,1024
0.17069999873638153,split_method,bySample_bal_split
0.18799999356269836,C,1.0
0.18850000202655792,E,3
0.19779999554157257,mu,1.0
0.2168000042438507,,
0.23520000278949738,,
0.26179999113082886,,
0.2849000096321106,,
