Gmodel acc,hyper_keys,hyper_item
0.11219999939203262,K,12
0.08959999680519104,B,1024
0.20489999651908875,split_method,bySample_bal_split
0.1826999932527542,C,0.5
0.10740000009536743,E,7
0.2084999978542328,mu,
0.33739998936653137,,
0.2777000069618225,,
0.289900004863739,,
0.37709999084472656,,
