Gmodel acc,hyper_keys,hyper_item
0.10100000351667404,K,12
0.11349999904632568,B,1024
0.0982000008225441,split_method,bySample_bal_split
0.1639000028371811,C,0.1
0.15919999778270721,E,3
0.09740000218153,mu,0.0
0.09799999743700027,,
0.16410000622272491,,
0.11909999698400497,,
0.1282999962568283,,
