Gmodel acc,hyper_keys,hyper_item
0.11320000141859055,K,1000
0.1160999983549118,B,1024
0.11699999868869781,split_method,bySample_bal_split
0.11599999666213989,C,1.0
0.11620000004768372,E,3
0.11819999665021896,mu,0
0.1324000060558319,,
0.16670000553131104,,
0.21230000257492065,,
0.2554999887943268,,
