Gmodel acc,hyper_keys,hyper_item
0.06859999895095825,K,100
0.07540000230073929,B,1024
0.08569999784231186,split_method,bySample_bal_split
0.09350000321865082,C,0.5
0.10010000318288803,E,1
0.11320000141859055,mu,1.0
0.12229999899864197,,
0.13729999959468842,,
0.15629999339580536,,
0.17080000042915344,,
