Gmodel acc,hyper_keys,hyper_item
0.0957999974489212,K,50
0.1428000032901764,B,1024
0.1137000024318695,split_method,bySample_bal_split
0.09600000083446503,C,0.1
0.23680000007152557,E,1
0.20270000398159027,mu,
0.299699991941452,,
0.2906000018119812,,
0.3125999867916107,,
0.20520000159740448,,
