Gmodel acc,hyper_keys,hyper_item
0.0575999990105629,K,100
0.07329999655485153,B,1024
0.09220000356435776,split_method,bySample_bal_split
0.11379999667406082,C,1.0
0.13689999282360077,E,1
0.16259999573230743,mu,0.0
0.18070000410079956,,
0.19599999487400055,,
0.210999995470047,,
0.22679999470710754,,
