Gmodel acc,hyper_keys,hyper_item
0.5044000148773193,K,2
0.6388000249862671,B,1024
0.722599983215332,split_method,bySample_bal_split
0.5698000192642212,C,1
0.666100025177002,E,3
0.6233999729156494,mu,0
0.7354999780654907,,
0.6866999864578247,,
0.8701000213623047,,
0.8356999754905701,,
