Gmodel acc,hyper_keys,hyper_item
0.15800000727176666,K,50
0.19220000505447388,B,1024
0.24250000715255737,split_method,bySample_bal_split
0.17739999294281006,C,1.0
0.2867000102996826,E,7
0.2533999979496002,mu,1.0
0.36570000648498535,,
0.29330000281333923,,
0.39480000734329224,,
0.2921000123023987,,
