Gmodel acc,hyper_keys,hyper_item
0.16259999573230743,K,100
0.0982000008225441,B,1024
0.2037000060081482,split_method,bySample_bal_split
0.11739999800920486,C,0.1
0.10100000351667404,E,7
0.11670000106096268,mu,1.0
0.09610000252723694,,
0.10100000351667404,,
0.2921000123023987,,
0.09749999642372131,,
