Gmodel acc,hyper_keys,hyper_item
0.19179999828338623,K,12
0.17489999532699585,B,1024
0.09929999709129333,split_method,bySample_bal_split
0.10400000214576721,C,0.5
0.15889999270439148,E,1
0.11490000039339066,mu,0.0
0.2483000010251999,,
0.17970000207424164,,
0.26899999380111694,,
0.23330000042915344,,
