Gmodel acc,hyper_keys,hyper_item
0.12219999730587006,K,1000
0.11620000004768372,B,1024
0.10429999977350235,split_method,bySample_bal_split
0.12240000069141388,C,0.1
0.10869999974966049,E,3
0.16040000319480896,mu,0
0.2442999929189682,,
0.3183000087738037,,
0.23989999294281006,,
0.18549999594688416,,
