Gmodel acc,hyper_keys,hyper_item
0.11909999698400497,K,12
0.287200003862381,B,1024
0.23999999463558197,split_method,bySample_bal_split
0.1851000040769577,C,0.5
0.10279999673366547,E,1
0.19930000603199005,mu,0
0.2612000107765198,,
0.15620000660419464,,
0.2842000126838684,,
0.186599999666214,,
