Gmodel acc,hyper_keys,hyper_item
0.10090000182390213,K,12
0.11330000311136246,B,1024
0.13120000064373016,split_method,bySample_bal_split
0.27649998664855957,C,0.5
0.21570000052452087,E,7
0.2985000014305115,mu,0
0.25029999017715454,,
0.3149999976158142,,
0.30390000343322754,,
0.2912999987602234,,
