Gmodel acc,hyper_keys,hyper_item
0.12049999833106995,K,12
0.09759999811649323,B,1024
0.09799999743700027,split_method,bySample_bal_split
0.26089999079704285,C,0.5
0.22059999406337738,E,3
0.2596000134944916,mu,1.0
0.362199991941452,,
0.2257000058889389,,
0.2919999957084656,,
0.2703000009059906,,
