Gmodel acc,hyper_keys,hyper_item
0.10279999673366547,K,4
0.21150000393390656,B,1024
0.37959998846054077,split_method,<function bySample_bal_split at 0x7f138e74ab00>
0.620199978351593,C,1
0.5853000283241272,E,3
0.7257999777793884,mu,0
0.6869999766349792,,
0.8209999799728394,,
0.8039000034332275,,
0.8593999743461609,,
