Gmodel acc,hyper_keys,hyper_item
0.12030000239610672,K,100
0.1136000007390976,B,1024
0.12489999830722809,split_method,bySample_bal_split
0.14499999582767487,C,0.5
0.15049999952316284,E,3
0.193900004029274,mu,1.0
0.21690000593662262,,
0.1687999963760376,,
0.22200000286102295,,
0.18639999628067017,,
