Gmodel acc,hyper_keys,hyper_item
0.07699999958276749,K,1000
0.08330000191926956,B,1024
0.0940999984741211,split_method,bySample_bal_split
0.11900000274181366,C,0.1
0.15049999952316284,E,1
0.18199999630451202,mu,0.0
0.18979999423027039,,
0.19949999451637268,,
0.20630000531673431,,
0.21739999949932098,,
