Gmodel acc,hyper_keys,hyper_item
0.1534000039100647,K,100
0.1664000004529953,B,1024
0.13109999895095825,split_method,bySample_bal_split
0.1535000056028366,C,0.5
0.11550000309944153,E,3
0.2718999981880188,mu,
0.2660999894142151,,
0.22010000050067902,,
0.22669999301433563,,
0.19439999759197235,,
