Gmodel acc,hyper_keys,hyper_item
0.10559999942779541,K,50
0.10180000215768814,B,1024
0.1890999972820282,split_method,bySample_bal_split
0.2282000035047531,C,0.5
0.22040000557899475,E,3
0.27810001373291016,mu,1.0
0.17180000245571136,,
0.2535000145435333,,
0.3174999952316284,,
0.1890999972820282,,
