Gmodel acc,hyper_keys,hyper_item
0.0966000035405159,K,12
0.2590999901294708,B,1024
0.16169999539852142,split_method,bySample_bal_split
0.3483999967575073,C,1.0
0.41040000319480896,E,7
0.2703000009059906,mu,
0.4223000109195709,,
0.3944999873638153,,
0.5228000283241272,,
0.5461000204086304,,
