Gmodel acc,hyper_keys,hyper_item
0.1615999937057495,K,50
0.11349999904632568,B,1024
0.11349999904632568,split_method,bySample_bal_split
0.11349999904632568,C,0.1
0.11349999904632568,E,1
0.11349999904632568,mu,1.0
0.12600000202655792,,
0.18279999494552612,,
0.1809999942779541,,
0.18700000643730164,,
