Gmodel acc,hyper_keys,hyper_item
0.12129999697208405,K,1000
0.12610000371932983,B,1024
0.13259999454021454,split_method,bySample_bal_split
0.13830000162124634,C,0.1
0.12759999930858612,E,1
0.12359999865293503,mu,
0.16339999437332153,,
0.1589999943971634,,
0.17239999771118164,,
0.21250000596046448,,
