Gmodel acc,hyper_keys,hyper_item
0.15889999270439148,K,100
0.1664000004529953,B,1024
0.17409999668598175,split_method,bySample_bal_split
0.18479999899864197,C,1.0
0.193900004029274,E,1
0.2029000073671341,mu,
0.2093999981880188,,
0.2150000035762787,,
0.219200000166893,,
0.22460000216960907,,
