Gmodel acc,hyper_keys,hyper_item
0.7139000296592712,K,4.0
0.8364999890327454,B,1024.0
0.8377000093460083,C,1.0
0.8586000204086304,E,3.0
0.8871999979019165,mu,0.0
0.9132999777793884,,
0.906499981880188,,
0.902999997138977,,
0.916700005531311,,
0.8884999752044678,,
