Gmodel acc,hyper_keys,hyper_item
0.14239999651908875,K,100
0.09669999778270721,B,1024
0.26179999113082886,split_method,bySample_bal_split
0.24210000038146973,C,1.0
0.28459998965263367,E,7
0.34139999747276306,mu,1.0
0.30480000376701355,,
0.37369999289512634,,
0.3158999979496002,,
0.35530000925064087,,
