Gmodel acc,hyper_keys,hyper_item
0.10320000350475311,K,12
0.10320000350475311,B,1024
0.21230000257492065,split_method,bySample_bal_split
0.17010000348091125,C,0.1
0.22200000286102295,E,3
0.14030000567436218,mu,0
0.20579999685287476,,
0.2287999987602234,,
0.13500000536441803,,
0.19280000030994415,,
