Gmodel acc,hyper_keys,hyper_item
0.17669999599456787,K,12
0.2881999909877777,B,1024
0.38510000705718994,split_method,bySample_bal_split
0.38580000400543213,C,1.0
0.4693000018596649,E,3
0.398499995470047,mu,0
0.5206999778747559,,
0.48069998621940613,,
0.4438999891281128,,
0.49219998717308044,,
