Gmodel acc,hyper_keys,hyper_item
0.11379999667406082,K,50
0.19949999451637268,B,1024
0.10320000350475311,split_method,bySample_bal_split
0.19550000131130219,C,0.5
0.16519999504089355,E,7
0.2685000002384186,mu,
0.21449999511241913,,
0.2295999974012375,,
0.15360000729560852,,
0.3280999958515167,,
