Gmodel acc,hyper_keys,hyper_item
0.10239999741315842,K,100
0.10819999873638153,B,1024
0.13259999454021454,split_method,bySample_bal_split
0.18469999730587006,C,0.1
0.12780000269412994,E,1
0.1678999960422516,mu,
0.13249999284744263,,
0.21660000085830688,,
0.18379999697208405,,
0.25360000133514404,,
