Gmodel acc,hyper_keys,hyper_item
0.08330000191926956,K,50
0.1526000052690506,B,1024
0.1850000023841858,split_method,bySample_bal_split
0.22660000622272491,C,0.5
0.30000001192092896,E,1
0.30709999799728394,mu,
0.319599986076355,,
0.25940001010894775,,
0.266400009393692,,
0.29899999499320984,,
