Gmodel acc,hyper_keys,hyper_item
0.08980000019073486,K,1000
0.09000000357627869,B,1024
0.08889999985694885,split_method,bySample_bal_split
0.08919999748468399,C,0.5
0.09019999951124191,E,3
0.09160000085830688,mu,
0.09769999980926514,,
0.10140000283718109,,
0.1988999992609024,,
0.22169999778270721,,
