Gmodel acc,hyper_keys,hyper_item
0.23479999601840973,K,1000
0.2249000072479248,B,1024
0.26589998602867126,split_method,bySample_bal_split
0.2644999921321869,C,1.0
0.3212999999523163,E,7
0.30219998955726624,mu,1.0
0.3325999975204468,,
0.2930999994277954,,
0.26930001378059387,,
0.23360000550746918,,
