Gmodel acc,hyper_keys,hyper_item
0.17110000550746918,K,8
0.15960000455379486,B,1024
0.33489999175071716,split_method,bySample_bal_split
0.38339999318122864,C,1
0.44929999113082886,E,3
0.4896000027656555,mu,0
0.5286999940872192,,
0.5888000130653381,,
0.6108999848365784,,
0.6284999847412109,,
