Gmodel acc,hyper_keys,hyper_item
0.10999999940395355,K,50
0.2094999998807907,B,1024
0.155799999833107,split_method,bySample_bal_split
0.266400009393692,C,1.0
0.3240000009536743,E,7
0.25360000133514404,mu,0.0
0.323199987411499,,
0.24869999289512634,,
0.22139999270439148,,
0.36570000648498535,,
