Gmodel acc,hyper_keys,hyper_item
0.20190000534057617,K,4.0
0.18029999732971191,B,2048.0
0.10270000249147415,C,0.5
0.1882999986410141,E,3.0
0.11050000041723251,mu,0.0
0.2937000095844269,,
0.3474000096321106,,
0.39899998903274536,,
0.38350000977516174,,
0.45750001072883606,,
