Gmodel acc,hyper_keys,hyper_item
0.12880000472068787,K,100
0.2101999968290329,B,1024
0.12330000102519989,split_method,bySample_bal_split
0.10719999670982361,C,0.5
0.14030000567436218,E,3
0.1623000055551529,mu,0
0.18569999933242798,,
0.2272000014781952,,
0.2556000053882599,,
0.21439999341964722,,
