Gmodel acc,hyper_keys,hyper_item
0.11349999904632568,K,50
0.12060000002384186,B,1024
0.10090000182390213,split_method,bySample_bal_split
0.11710000038146973,C,0.1
0.13359999656677246,E,3
0.0982000008225441,mu,0
0.20880000293254852,,
0.27480000257492065,,
0.17139999568462372,,
0.2167000025510788,,
