Gmodel acc,hyper_keys,hyper_item
0.16670000553131104,K,50
0.09740000218153,B,1024
0.15539999306201935,split_method,bySample_bal_split
0.11860000342130661,C,0.1
0.295199990272522,E,1
0.21950000524520874,mu,0.0
0.2493000030517578,,
0.19300000369548798,,
0.23759999871253967,,
0.14890000224113464,,
