Gmodel acc,hyper_keys,hyper_item
0.09600000083446503,K,50
0.120899997651577,B,1024
0.15219999849796295,split_method,bySample_bal_split
0.19099999964237213,C,1.0
0.2281000018119812,E,1
0.26159998774528503,mu,0
0.2851000130176544,,
0.30169999599456787,,
0.32089999318122864,,
0.33820000290870667,,
