Gmodel acc,hyper_keys,hyper_item
0.08879999816417694,K,50
0.1290999948978424,B,1024
0.17479999363422394,split_method,bySample_bal_split
0.20399999618530273,C,1.0
0.2214999943971634,E,1
0.2379000037908554,mu,
0.25200000405311584,,
0.25609999895095825,,
0.25920000672340393,,
0.26109999418258667,,
