Gmodel acc,hyper_keys,hyper_item
0.1324000060558319,K,12
0.11959999799728394,B,1024
0.1428000032901764,split_method,bySample_bal_split
0.2581999897956848,C,1.0
0.3003000020980835,E,1
0.3598000109195709,mu,0.0
0.3840000033378601,,
0.3955000042915344,,
0.4205000102519989,,
0.44859999418258667,,
