Gmodel acc,hyper_keys,hyper_item
0.20000000298023224,K,100
0.16110000014305115,B,1024
0.11389999836683273,split_method,bySample_bal_split
0.09809999912977219,C,0.1
0.16359999775886536,E,3
0.12530000507831573,mu,1.0
0.14869999885559082,,
0.19059999287128448,,
0.11779999732971191,,
0.17000000178813934,,
