Gmodel acc,hyper_keys,hyper_item
0.10199999809265137,K,50
0.10520000010728836,B,1024
0.12770000100135803,split_method,bySample_bal_split
0.2248000055551529,C,1
0.2865000069141388,E,3
0.34700000286102295,mu,0
0.29739999771118164,,
0.35740000009536743,,
0.30570000410079956,,
0.35760000348091125,,
