Gmodel acc,hyper_keys,hyper_item
0.14910000562667847,K,12
0.2702000141143799,B,1024
0.2676999866962433,split_method,bySample_bal_split
0.34360000491142273,C,1.0
0.3677000105381012,E,7
0.40049999952316284,mu,0
0.4000999927520752,,
0.4546000063419342,,
0.31139999628067017,,
0.5796999931335449,,
