Gmodel acc,hyper_keys,hyper_item
0.31470000743865967,K,4
0.18070000410079956,B,1024
0.42340001463890076,split_method,bySample_bal_split
0.3723999857902527,C,0.5
0.48249998688697815,E,3
0.4618000090122223,mu,0
0.4106000065803528,,
0.6380000114440918,,
0.4729999899864197,,
0.49900001287460327,,
