Gmodel acc,hyper_keys,hyper_item
0.08919999748468399,K,50
0.08919999748468399,B,1024
0.10080000013113022,split_method,bySample_bal_split
0.08919999748468399,C,0.1
0.10320000350475311,E,7
0.11349999904632568,mu,1.0
0.12759999930858612,,
0.0957999974489212,,
0.10320000350475311,,
0.11569999903440475,,
