Gmodel acc,hyper_keys,hyper_item
0.10109999775886536,K,1000
0.08659999817609787,B,1024
0.14990000426769257,split_method,bySample_bal_split
0.23240000009536743,C,0.5
0.25380000472068787,E,7
0.22660000622272491,mu,1.0
0.26829999685287476,,
0.23899999260902405,,
0.22599999606609344,,
0.2815000116825104,,
