Gmodel acc,hyper_keys,hyper_item
0.10320000350475311,K,100
0.12559999525547028,B,1024
0.13819999992847443,split_method,bySample_bal_split
0.17960000038146973,C,1.0
0.20090000331401825,E,7
0.23649999499320984,mu,0.0
0.23309999704360962,,
0.2565000057220459,,
0.25619998574256897,,
0.26930001378059387,,
