Gmodel acc,hyper_keys,hyper_item
0.1054999977350235,K,1000
0.14149999618530273,B,1024
0.1784999966621399,split_method,bySample_bal_split
0.210999995470047,C,1.0
0.2287999987602234,E,1
0.24140000343322754,mu,0.0
0.2492000013589859,,
0.25220000743865967,,
0.2549000084400177,,
0.2540999948978424,,
