Gmodel acc,hyper_keys,hyper_item
0.06780000030994415,K,1000
0.09889999777078629,B,1024
0.09860000014305115,split_method,bySample_bal_split
0.09809999912977219,C,1.0
0.09799999743700027,E,3
0.09809999912977219,mu,0
0.0982000008225441,,
0.10040000081062317,,
0.17440000176429749,,
0.23389999568462372,,
