Gmodel acc,hyper_keys,hyper_item
0.15060000121593475,K,1000
0.22750000655651093,B,1024
0.2320999950170517,split_method,bySample_bal_split
0.210099995136261,C,0.5
0.2168000042438507,E,7
0.22579999268054962,mu,
0.2280000001192093,,
0.2533999979496002,,
0.2476000040769577,,
0.25270000100135803,,
