Gmodel acc,hyper_keys,hyper_item
0.09830000251531601,K,12
0.1656000018119812,B,1024
0.17800000309944153,split_method,bySample_bal_split
0.33469998836517334,C,1.0
0.3684000074863434,E,1
0.4449000060558319,mu,0
0.44999998807907104,,
0.4950999915599823,,
0.4627000093460083,,
0.5170999765396118,,
