Gmodel acc,hyper_keys,hyper_item
0.10289999842643738,K,1000
0.10670000314712524,B,1024
0.11339999735355377,split_method,bySample_bal_split
0.12600000202655792,C,1.0
0.13920000195503235,E,1
0.1543000042438507,mu,0
0.16580000519752502,,
0.17749999463558197,,
0.20669999718666077,,
0.24570000171661377,,
