Gmodel acc,hyper_keys,hyper_item
0.916700005531311,K,2
0.8495000004768372,B,1024
0.944599986076355,C,1
0.9144999980926514,E,3
0.9592000246047974,mu,0
0.9390000104904175,split_method,bySample_bal_split
0.9556000232696533,,
0.9442999958992004,,
0.9678000211715698,,
0.9301000237464905,,
