Gmodel acc,hyper_keys,hyper_item
0.11819999665021896,K,1000
0.11289999634027481,B,1024
0.10409999638795853,split_method,bySample_bal_split
0.09399999678134918,C,0.5
0.12110000103712082,E,7
0.17569999396800995,mu,0
0.2526000142097473,,
0.21490000188350677,,
0.2847000062465668,,
0.17829999327659607,,
