Gmodel acc,hyper_keys,hyper_item
0.15680000185966492,K,4
0.210999995470047,B,1024
0.21119999885559082,split_method,bySample_bal_split
0.3614000082015991,C,0.5
0.45159998536109924,E,1
0.49549999833106995,mu,0
0.5264000296592712,,
0.5037000179290771,,
0.2863999903202057,,
0.37070000171661377,,
