Gmodel acc,hyper_keys,hyper_item
0.08810000121593475,K,12
0.09799999743700027,B,1024
0.0957999974489212,split_method,bySample_bal_split
0.2549000084400177,C,0.5
0.31369999051094055,E,7
0.35010001063346863,mu,0.0
0.186599999666214,,
0.3330000042915344,,
0.5174000263214111,,
0.23680000007152557,,
