Gmodel acc,hyper_keys,hyper_item
0.2029000073671341,K,50
0.14239999651908875,B,1024
0.11389999836683273,split_method,bySample_bal_split
0.15770000219345093,C,0.5
0.13840000331401825,E,3
0.2425999939441681,mu,0
0.20600000023841858,,
0.16930000483989716,,
0.18029999732971191,,
0.27720001339912415,,
