Gmodel acc,hyper_keys,hyper_item
0.22679999470710754,K,4.0
0.15919999778270721,B,1024.0
0.10859999805688858,C,0.5
0.11559999734163284,E,3.0
0.5184999704360962,mu,0.0
0.5250999927520752,,
0.66839998960495,,
0.4081000089645386,,
0.37540000677108765,,
0.5249000191688538,,
