Gmodel acc,hyper_keys,hyper_item
0.1396999955177307,K,100
0.15719999372959137,B,1024
0.1573999971151352,split_method,bySample_bal_split
0.29899999499320984,C,0.1
0.31850001215934753,E,3
0.2556999921798706,mu,0
0.26600000262260437,,
0.20020000636577606,,
0.21889999508857727,,
0.21330000460147858,,
