Gmodel acc,hyper_keys,hyper_item
0.19189999997615814,K,12
0.10090000182390213,B,1024
0.0982000008225441,split_method,bySample_bal_split
0.09839999675750732,C,0.1
0.2150000035762787,E,1
0.11349999904632568,mu,1.0
0.18170000612735748,,
0.17810000479221344,,
0.0908999964594841,,
0.16859999299049377,,
