Gmodel acc,hyper_keys,hyper_item
0.17949999868869781,K,4.0
0.24940000474452972,B,2048.0
0.32659998536109924,C,0.5
0.4088999927043915,E,3.0
0.3280999958515167,mu,0.0
0.26809999346733093,,
0.5864999890327454,,
0.31139999628067017,,
0.4480000138282776,,
0.42260000109672546,,
