Gmodel acc,hyper_keys,hyper_item
0.10090000182390213,K,50
0.10279999673366547,B,1024
0.1137000024318695,split_method,bySample_bal_split
0.10100000351667404,C,0.1
0.10329999774694443,E,7
0.11349999904632568,mu,
0.18119999766349792,,
0.14800000190734863,,
0.28439998626708984,,
0.12939999997615814,,
