Gmodel acc,hyper_keys,hyper_item
0.13449999690055847,K,50
0.16259999573230743,B,1024
0.19589999318122864,split_method,bySample_bal_split
0.2337000072002411,C,1.0
0.2712000012397766,E,1
0.29910001158714294,mu,1.0
0.32829999923706055,,
0.3637000024318695,,
0.3935999870300293,,
0.4133000075817108,,
