Gmodel acc,hyper_keys,hyper_item
0.20360000431537628,K,12
0.3772999942302704,B,1024
0.29339998960494995,split_method,bySample_bal_split
0.3434999883174896,C,1.0
0.34119999408721924,E,3
0.45559999346733093,mu,0
0.40230000019073486,,
0.44670000672340393,,
0.47540000081062317,,
0.5054000020027161,,
