Gmodel acc,hyper_keys,hyper_item
0.1160999983549118,K,12
0.10360000282526016,B,1024
0.2451999932527542,split_method,bySample_bal_split
0.30329999327659607,C,1.0
0.3199000060558319,E,1
0.33709999918937683,mu,
0.37610000371932983,,
0.39340001344680786,,
0.4311000108718872,,
0.40130001306533813,,
