Gmodel acc,hyper_keys,hyper_item
0.16009999811649323,K,1000
0.17419999837875366,B,1024
0.20000000298023224,split_method,bySample_bal_split
0.17520000040531158,C,0.5
0.1704999953508377,E,3
0.19539999961853027,mu,0
0.22689999639987946,,
0.23260000348091125,,
0.30489999055862427,,
0.3107999861240387,,
