Gmodel acc,hyper_keys,hyper_item
0.06260000169277191,K,1000
0.07320000231266022,B,1024
0.08299999684095383,split_method,bySample_bal_split
0.10360000282526016,C,0.5
0.12860000133514404,E,1
0.15389999747276306,mu,
0.18330000340938568,,
0.19930000603199005,,
0.2126999944448471,,
0.22010000050067902,,
