Gmodel acc,hyper_keys,hyper_item
0.10100000351667404,K,12
0.10100000351667404,B,1024
0.10100000351667404,split_method,bySample_bal_split
0.10100000351667404,C,0.1
0.10100000351667404,E,3
0.10100000351667404,mu,1.0
0.10100000351667404,,
0.10100000351667404,,
0.10100000351667404,,
0.10100000351667404,,
