Gmodel acc,hyper_keys,hyper_item
0.11060000211000443,K,12
0.10320000350475311,B,1024
0.09740000218153,split_method,bySample_bal_split
0.09740000218153,C,0.1
0.10320000350475311,E,1
0.10320000350475311,mu,
0.10320000350475311,,
0.13860000669956207,,
0.09740000218153,,
0.10890000313520432,,
