Gmodel acc,hyper_keys,hyper_item
0.2125999927520752,K,4.0
0.4991999864578247,B,1024.0
0.32100000977516174,C,0.5
0.6514999866485596,E,3.0
0.39320001006126404,mu,0.0
0.48969998955726624,,
0.49540001153945923,,
0.3776000142097473,,
0.4284999966621399,,
0.48010000586509705,,
