Gmodel acc,hyper_keys,hyper_item
0.10270000249147415,K,100
0.11349999904632568,B,1024
0.2087000012397766,split_method,bySample_bal_split
0.15479999780654907,C,0.1
0.15119999647140503,E,7
0.09740000218153,mu,0
0.08919999748468399,,
0.1436000019311905,,
0.11349999904632568,,
0.1559000015258789,,
