Gmodel acc,hyper_keys,hyper_item
0.09619999676942825,K,1000
0.10159999877214432,B,1024
0.13120000064373016,split_method,bySample_bal_split
0.28619998693466187,C,0.1
0.0966000035405159,E,7
0.23309999704360962,mu,1.0
0.16940000653266907,,
0.14169999957084656,,
0.2079000025987625,,
0.20180000364780426,,
