Gmodel acc,hyper_keys,hyper_item
0.1023000031709671,K,100
0.1023000031709671,B,1024
0.10409999638795853,split_method,bySample_bal_split
0.10890000313520432,C,0.5
0.11879999935626984,E,1
0.1574999988079071,mu,
0.14249999821186066,,
0.1298999935388565,,
0.12780000269412994,,
0.14900000393390656,,
