Gmodel acc,hyper_keys,hyper_item
0.09740000218153,K,100
0.09790000319480896,B,1024
0.09969999641180038,split_method,bySample_bal_split
0.09740000218153,C,0.1
0.09740000218153,E,1
0.09740000218153,mu,0.0
0.09740000218153,,
0.09740000218153,,
0.09740000218153,,
0.09740000218153,,
