Gmodel acc,hyper_keys,hyper_item
0.10320000350475311,K,12
0.0957999974489212,B,1024
0.0957999974489212,split_method,bySample_bal_split
0.0957999974489212,C,0.1
0.0957999974489212,E,7
0.0957999974489212,mu,
0.0957999974489212,,
0.0957999974489212,,
0.0957999974489212,,
0.10320000350475311,,
