Gmodel acc,hyper_keys,hyper_item
0.1387999951839447,K,1000
0.16130000352859497,B,1024
0.19820000231266022,split_method,bySample_bal_split
0.23330000042915344,C,0.5
0.26260000467300415,E,1
0.271699994802475,mu,1.0
0.2849000096321106,,
0.2962999939918518,,
0.2904999852180481,,
0.28630000352859497,,
