Gmodel acc,hyper_keys,hyper_item
0.1436000019311905,K,50
0.1185000017285347,B,1024
0.19380000233650208,split_method,bySample_bal_split
0.15489999949932098,C,0.5
0.2142000049352646,E,3
0.1931000053882599,mu,0
0.1647000014781952,,
0.20499999821186066,,
0.2551000118255615,,
0.20520000159740448,,
