Gmodel acc,hyper_keys,hyper_item
0.17910000681877136,K,1000
0.21860000491142273,B,1024
0.2831000089645386,split_method,bySample_bal_split
0.25220000743865967,C,0.1
0.19110000133514404,E,3
0.133200004696846,mu,
0.2522999942302704,,
0.26460000872612,,
0.20250000059604645,,
0.1875,,
