Gmodel acc,hyper_keys,hyper_item
0.11129999905824661,K,50
0.1111999973654747,B,1024
0.1446000039577484,split_method,bySample_bal_split
0.1436000019311905,C,1.0
0.2696000039577484,E,7
0.24889999628067017,mu,0
0.3409000039100647,,
0.23170000314712524,,
0.23810000717639923,,
0.29789999127388,,
