Gmodel acc,hyper_keys,hyper_item
0.21119999885559082,K,4.0
0.1542000025510788,B,1024.0
0.35440000891685486,C,0.5
0.2700999975204468,E,3.0
0.5537999868392944,mu,0.0
0.5437999963760376,,
0.5680999755859375,,
0.6255999803543091,,
0.42890000343322754,,
0.48240000009536743,,
