Gmodel acc,hyper_keys,hyper_item
0.09799999743700027,K,100
0.09799999743700027,B,1024
0.09799999743700027,split_method,bySample_bal_split
0.10300000011920929,C,1.0
0.13179999589920044,E,3
0.15919999778270721,mu,
0.18400000035762787,,
0.22849999368190765,,
0.27000001072883606,,
0.29840001463890076,,
