Gmodel acc,hyper_keys,hyper_item
0.08269999921321869,K,100
0.09709999710321426,B,1024
0.11729999631643295,split_method,bySample_bal_split
0.12479999661445618,C,0.5
0.11879999935626984,E,1
0.163100004196167,mu,0
0.16949999332427979,,
0.19030000269412994,,
0.21809999644756317,,
0.21899999678134918,,
