Gmodel acc,hyper_keys,hyper_item
0.0957999974489212,K,12
0.3393999934196472,B,1024
0.19990000128746033,split_method,bySample_bal_split
0.3474000096321106,C,1.0
0.358599990606308,E,3
0.45669999718666077,mu,0.0
0.41449999809265137,,
0.385699987411499,,
0.23350000381469727,,
0.5533000230789185,,
