Gmodel acc,hyper_keys,hyper_item
0.09969999641180038,K,50
0.11490000039339066,B,1024
0.23440000414848328,split_method,bySample_bal_split
0.33550000190734863,C,0.5
0.2662000060081482,E,3
0.2637999951839447,mu,0.0
0.16930000483989716,,
0.26759999990463257,,
0.20110000669956207,,
0.32820001244544983,,
