Gmodel acc,hyper_keys,hyper_item
0.11079999804496765,K,1000
0.14579999446868896,B,1024
0.17399999499320984,split_method,bySample_bal_split
0.1776999980211258,C,0.1
0.15360000729560852,E,1
0.1527000069618225,mu,0
0.14169999957084656,,
0.15160000324249268,,
0.13840000331401825,,
0.13519999384880066,,
