Gmodel acc,hyper_keys,hyper_item
0.5037000179290771,K,2
0.5087000131607056,B,1024
0.5102999806404114,C,0.5
0.4699000120162964,E,3
0.475600004196167,mu,0
0.5099999904632568,split_method,bySample_bal_split
0.5109000205993652,,
0.5584999918937683,,
0.5102999806404114,,
0.567300021648407,,
