Gmodel acc,hyper_keys,hyper_item
0.14920000731945038,K,1000
0.13930000364780426,B,1024
0.147599995136261,split_method,bySample_bal_split
0.13089999556541443,C,0.5
0.1362999975681305,E,3
0.13439999520778656,mu,0
0.15060000121593475,,
0.2492000013589859,,
0.3052999973297119,,
0.3797999918460846,,
