Gmodel acc,hyper_keys,hyper_item
0.1379999965429306,K,1000
0.1670999974012375,B,1024
0.19699999690055847,split_method,bySample_bal_split
0.18410000205039978,C,0.5
0.21709999442100525,E,3
0.257099986076355,mu,0.0
0.28290000557899475,,
0.3285999894142151,,
0.3474000096321106,,
0.3578999936580658,,
