Gmodel acc,hyper_keys,hyper_item
0.1590999960899353,K,12
0.1046999990940094,B,1024
0.10559999942779541,split_method,bySample_bal_split
0.19519999623298645,C,1.0
0.23819999396800995,E,1
0.3346000015735626,mu,1.0
0.36169999837875366,,
0.40130001306533813,,
0.4018999934196472,,
0.4250999987125397,,
