Gmodel acc,hyper_keys,hyper_item
0.12110000103712082,K,12
0.09809999912977219,B,1024
0.13050000369548798,split_method,bySample_bal_split
0.3578000068664551,C,1.0
0.4359999895095825,E,7
0.5583999752998352,mu,1.0
0.5406000018119812,,
0.6097999811172485,,
0.4896000027656555,,
0.6746000051498413,,
