Gmodel acc,hyper_keys,hyper_item
0.1014999970793724,K,50
0.11509999632835388,B,1024
0.11720000207424164,split_method,bySample_bal_split
0.14830000698566437,C,0.5
0.14869999885559082,E,1
0.257099986076355,mu,0
0.27160000801086426,,
0.2976999878883362,,
0.27709999680519104,,
0.30390000343322754,,
