Gmodel acc,hyper_keys,hyper_item
0.0982000008225441,K,50
0.1834000051021576,B,1024
0.10260000079870224,split_method,bySample_bal_split
0.18889999389648438,C,0.5
0.2515999972820282,E,3
0.29899999499320984,mu,
0.26019999384880066,,
0.3077999949455261,,
0.2881999909877777,,
0.3695000112056732,,
