Gmodel acc,hyper_keys,hyper_item
0.1339000016450882,K,1000
0.10279999673366547,B,1024
0.11379999667406082,split_method,bySample_bal_split
0.186599999666214,C,0.1
0.09619999676942825,E,7
0.2655999958515167,mu,
0.1615000069141388,,
0.22869999706745148,,
0.1899999976158142,,
0.31769999861717224,,
