Gmodel acc,hyper_keys,hyper_item
0.19380000233650208,K,50
0.24979999661445618,B,1024
0.27379998564720154,split_method,bySample_bal_split
0.28600001335144043,C,1.0
0.29159998893737793,E,1
0.3010999858379364,mu,0.0
0.3131999969482422,,
0.3248000144958496,,
0.33899998664855957,,
0.35040000081062317,,
