Gmodel acc,hyper_keys,hyper_item
0.0982000008225441,K,50
0.11349999904632568,B,1024
0.0957999974489212,split_method,bySample_bal_split
0.11349999904632568,C,0.1
0.1972000002861023,E,7
0.21480000019073486,mu,0
0.11349999904632568,,
0.09920000284910202,,
0.2004999965429306,,
0.11349999904632568,,
