Gmodel acc,hyper_keys,hyper_item
0.11429999768733978,K,1000
0.14270000159740448,B,1024
0.1143999993801117,split_method,bySample_bal_split
0.13249999284744263,C,0.1
0.1242000013589859,E,3
0.1826000064611435,mu,0.0
0.12229999899864197,,
0.18629999458789825,,
0.32739999890327454,,
0.3287000060081482,,
