Gmodel acc,hyper_keys,hyper_item
0.35519999265670776,K,2
0.4975999891757965,B,1024
0.3986000120639801,C,1
0.5080000162124634,E,3
0.7383999824523926,mu,0
0.5753999948501587,split_method,bySample_bal_split
0.6305000185966492,,
0.6080999970436096,,
0.6761000156402588,,
0.6608999967575073,,
