Gmodel acc,hyper_keys,hyper_item
0.1574999988079071,K,100
0.10119999945163727,B,1024
0.1867000013589859,split_method,bySample_bal_split
0.2150000035762787,C,0.1
0.20090000331401825,E,3
0.18379999697208405,mu,0
0.0957999974489212,,
0.18449999392032623,,
0.1859000027179718,,
0.16030000150203705,,
