Gmodel acc,hyper_keys,hyper_item
0.1379999965429306,K,12
0.10350000113248825,B,1024
0.0957999974489212,split_method,bySample_bal_split
0.18160000443458557,C,0.1
0.1031000018119812,E,1
0.1657000035047531,mu,0
0.09600000083446503,,
0.16689999401569366,,
0.09740000218153,,
0.10670000314712524,,
