Gmodel acc,hyper_keys,hyper_item
0.12060000002384186,K,100
0.16110000014305115,B,1024
0.1818999946117401,split_method,bySample_bal_split
0.18410000205039978,C,1.0
0.18060000240802765,E,3
0.18080000579357147,mu,0
0.20839999616146088,,
0.26350000500679016,,
0.3075999915599823,,
0.3228999972343445,,
