Gmodel acc,hyper_keys,hyper_item
0.10419999808073044,K,50
0.23819999396800995,B,1024
0.10170000046491623,split_method,bySample_bal_split
0.24449999630451202,C,1.0
0.23800000548362732,E,7
0.37689998745918274,mu,
0.362199991941452,,
0.35269999504089355,,
0.3244999945163727,,
0.39489999413490295,,
