Gmodel acc,hyper_keys,hyper_item
0.10540000349283218,K,50
0.09799999743700027,B,1024
0.0997999981045723,split_method,bySample_bal_split
0.10100000351667404,C,0.1
0.1460999995470047,E,3
0.14100000262260437,mu,
0.16680000722408295,,
0.3361999988555908,,
0.10320000350475311,,
0.19589999318122864,,
