Gmodel acc,hyper_keys,hyper_item
0.09880000352859497,K,50
0.08919999748468399,B,1024
0.10849999636411667,split_method,bySample_bal_split
0.11349999904632568,C,0.1
0.10409999638795853,E,3
0.1850000023841858,mu,0
0.10320000350475311,,
0.1046999990940094,,
0.10289999842643738,,
0.22220000624656677,,
