Gmodel acc,hyper_keys,hyper_item
0.20309999585151672,K,4.0
0.24009999632835388,B,1024.0
0.30149999260902405,C,0.5
0.4611999988555908,E,3.0
0.5098000168800354,mu,0.0
0.5823000073432922,,
0.6751999855041504,,
0.4713999927043915,,
0.5063999891281128,,
0.5309000015258789,,
