Gmodel acc,hyper_keys,hyper_item
0.11240000277757645,K,50
0.15790000557899475,B,1024
0.18790000677108765,split_method,bySample_bal_split
0.25189998745918274,C,1.0
0.2696000039577484,E,3
0.2881999909877777,mu,1.0
0.3052999973297119,,
0.2854999899864197,,
0.3407000005245209,,
0.2962000072002411,,
