Gmodel acc,hyper_keys,hyper_item
0.11680000275373459,K,1000
0.12620000541210175,B,1024
0.1290999948978424,split_method,bySample_bal_split
0.13699999451637268,C,0.1
0.1445000022649765,E,1
0.1664000004529953,mu,1.0
0.181099995970726,,
0.227400004863739,,
0.22110000252723694,,
0.2401999980211258,,
