Gmodel acc,hyper_keys,hyper_item
0.10279999673366547,K,4.0
0.22750000655651093,B,1024.0
0.2870999872684479,C,0.5
0.40619999170303345,E,3.0
0.4302000105381012,mu,0.0
0.26100000739097595,,
0.5254999995231628,,
0.4943999946117401,,
0.5576000213623047,,
0.4472000002861023,,
