Gmodel acc,hyper_keys,hyper_item
0.125900000333786,K,100
0.10520000010728836,B,1024
0.18119999766349792,split_method,bySample_bal_split
0.20759999752044678,C,1.0
0.19509999454021454,E,7
0.26089999079704285,mu,0
0.22089999914169312,,
0.29660001397132874,,
0.21660000085830688,,
0.3018999993801117,,
