Gmodel acc,hyper_keys,hyper_item
0.10289999842643738,K,4.0
0.2320999950170517,B,1024.0
0.5623000264167786,C,1.0
0.4580000042915344,E,3.0
0.6324999928474426,mu,0.0
0.5913000106811523,,
0.7355999946594238,,
0.7465000152587891,,
0.7757999897003174,,
0.8270999789237976,,
