Gmodel acc,hyper_keys,hyper_item
0.21649999916553497,K,4
0.2971000075340271,B,1024
0.23739999532699585,split_method,<function bySample_bal_split at 0x7efc1c447b00>
0.5333999991416931,C,1
0.36890000104904175,E,3
0.6819000244140625,mu,0
0.4514000117778778,,
0.7419999837875366,,
0.6606000065803528,,
0.8043000102043152,,
