Gmodel acc,hyper_keys,hyper_item
0.09780000150203705,K,12
0.11349999904632568,B,1024
0.21140000224113464,split_method,bySample_bal_split
0.20069999992847443,C,0.5
0.13689999282360077,E,3
0.2459000051021576,mu,0
0.24979999661445618,,
0.218299999833107,,
0.19380000233650208,,
0.34880000352859497,,
