Gmodel acc,hyper_keys,hyper_item
0.1808999925851822,K,4
0.18219999969005585,B,1024
0.28299999237060547,split_method,bySample_bal_split
0.21089999377727509,C,0.1
0.19910000264644623,E,3
0.2937999963760376,mu,0
0.22939999401569366,,
0.3709999918937683,,
0.22269999980926514,,
0.2985000014305115,,
