Gmodel acc,hyper_keys,hyper_item
0.11509999632835388,K,50
0.10180000215768814,B,1024
0.1264999955892563,split_method,bySample_bal_split
0.21449999511241913,C,1.0
0.18369999527931213,E,3
0.2549999952316284,mu,0.0
0.2240000069141388,,
0.27469998598098755,,
0.22599999606609344,,
0.2897000014781952,,
