Gmodel acc,hyper_keys,hyper_item
0.14020000398159027,K,12
0.1316000074148178,B,1024
0.15970000624656677,split_method,bySample_bal_split
0.26179999113082886,C,1.0
0.3151000142097473,E,1
0.35350000858306885,mu,0.0
0.3424000144004822,,
0.3889000117778778,,
0.421099990606308,,
0.40799999237060547,,
