Gmodel acc,hyper_keys,hyper_item
0.10679999738931656,K,100
0.20200000703334808,B,1024
0.2849999964237213,split_method,bySample_bal_split
0.313400000333786,C,1.0
0.31540000438690186,E,3
0.3231000006198883,mu,0.0
0.3346000015735626,,
0.3573000133037567,,
0.36890000104904175,,
0.36910000443458557,,
