Gmodel acc,hyper_keys,hyper_item
0.15970000624656677,K,100
0.1534000039100647,B,1024
0.19189999997615814,split_method,bySample_bal_split
0.23010000586509705,C,1.0
0.30230000615119934,E,7
0.335999995470047,mu,
0.37470000982284546,,
0.35370001196861267,,
0.37790000438690186,,
0.3346000015735626,,
