Gmodel acc,hyper_keys,hyper_item
0.12030000239610672,K,100
0.13050000369548798,B,1024
0.14300000667572021,split_method,bySample_bal_split
0.1565999984741211,C,1.0
0.16689999401569366,E,1
0.17640000581741333,mu,0
0.18709999322891235,,
0.19850000739097595,,
0.22550000250339508,,
0.26350000500679016,,
