Gmodel acc,hyper_keys,hyper_item
0.18140000104904175,K,1000
0.18479999899864197,B,1024
0.18809999525547028,split_method,bySample_bal_split
0.19300000369548798,C,1.0
0.20569999516010284,E,3
0.22849999368190765,mu,
0.27219998836517334,,
0.31220000982284546,,
0.3361000120639801,,
0.3418999910354614,,
