Gmodel acc,hyper_keys,hyper_item
0.09740000218153,K,12
0.14920000731945038,B,1024
0.1462000012397766,split_method,bySample_bal_split
0.22280000150203705,C,0.5
0.11710000038146973,E,3
0.15049999952316284,mu,0.0
0.21070000529289246,,
0.20659999549388885,,
0.30959999561309814,,
0.5074999928474426,,
