Gmodel acc,hyper_keys,hyper_item
0.20829999446868896,K,1000
0.2370000034570694,B,1024
0.24690000712871552,split_method,bySample_bal_split
0.2125999927520752,C,0.5
0.2313999980688095,E,3
0.23229999840259552,mu,1.0
0.24390000104904175,,
0.2538999915122986,,
0.2597000002861023,,
0.24089999496936798,,
