Gmodel acc,hyper_keys,hyper_item
0.10540000349283218,K,50
0.164900004863739,B,1024
0.22949999570846558,split_method,bySample_bal_split
0.24869999289512634,C,1.0
0.2662999927997589,E,3
0.2524000108242035,mu,0
0.30820000171661377,,
0.25060001015663147,,
0.3379000127315521,,
0.3434999883174896,,
