Gmodel acc,hyper_keys,hyper_item
0.0982000008225441,K,100
0.10019999742507935,B,1024
0.1031000018119812,split_method,bySample_bal_split
0.16429999470710754,C,0.1
0.12999999523162842,E,3
0.1551000028848648,mu,
0.25130000710487366,,
0.10320000350475311,,
0.2614000141620636,,
0.17900000512599945,,
