Gmodel acc,hyper_keys,hyper_item
0.10509999841451645,K,1000
0.09679999947547913,B,1024
0.13410000503063202,split_method,bySample_bal_split
0.12359999865293503,C,0.1
0.22450000047683716,E,3
0.19169999659061432,mu,1.0
0.22050000727176666,,
0.2328999936580658,,
0.2840999960899353,,
0.2727000117301941,,
