Gmodel acc,hyper_keys,hyper_item
0.08919999748468399,K,12
0.11349999904632568,B,1024
0.11349999904632568,split_method,bySample_bal_split
0.11349999904632568,C,0.1
0.11349999904632568,E,3
0.11349999904632568,mu,0
0.11349999904632568,,
0.11349999904632568,,
0.11349999904632568,,
0.11349999904632568,,
