Gmodel acc,hyper_keys,hyper_item
0.11990000307559967,K,1000
0.13529999554157257,B,1024
0.1454000025987625,split_method,bySample_bal_split
0.14319999516010284,C,1.0
0.15600000321865082,E,3
0.22200000286102295,mu,0.0
0.26019999384880066,,
0.2867000102996826,,
0.3133000135421753,,
0.3337000012397766,,
