Gmodel acc,hyper_keys,hyper_item
0.10140000283718109,K,12
0.11829999834299088,B,1024
0.10320000350475311,split_method,bySample_bal_split
0.1193000003695488,C,0.1
0.10670000314712524,E,7
0.10320000350475311,mu,1.0
0.10090000182390213,,
0.08940000087022781,,
0.09799999743700027,,
0.08919999748468399,,
