Gmodel acc,hyper_keys,hyper_item
0.15410000085830688,K,12
0.11940000206232071,B,1024
0.09780000150203705,C,0.5
0.13439999520778656,E,3
0.1054999977350235,mu,0.001
0.11029999703168869,split_method,byClasses_inbal_split
0.11460000276565552,,
0.21539999544620514,,
0.09749999642372131,,
0.16820000112056732,,
