Gmodel acc,hyper_keys,hyper_item
0.10279999673366547,K,12
0.20550000667572021,B,1024
0.10320000350475311,split_method,bySample_bal_split
0.1679999977350235,C,0.5
0.10980000346899033,E,1
0.21459999680519104,mu,1.0
0.23559999465942383,,
0.2011999934911728,,
0.24639999866485596,,
0.21559999883174896,,
