Gmodel acc,hyper_keys,hyper_item
0.09799999743700027,K,12
0.10939999669790268,B,1024
0.24979999661445618,split_method,bySample_bal_split
0.17249999940395355,C,0.5
0.18539999425411224,E,3
0.22990000247955322,mu,
0.2761000096797943,,
0.22139999270439148,,
0.24899999797344208,,
0.3450999855995178,,
