Gmodel acc,hyper_keys,hyper_item
0.2750999927520752,K,4.0
0.09799999743700027,B,1024.0
0.10320000350475311,C,0.2
0.21040000021457672,E,3.0
0.18299999833106995,mu,0.0
0.10320000350475311,,
0.2766000032424927,,
0.10320000350475311,,
0.28630000352859497,,
0.10300000011920929,,
