Gmodel acc,hyper_keys,hyper_item
0.2295999974012375,K,1000
0.2433999925851822,B,1024
0.2361000031232834,split_method,bySample_bal_split
0.29809999465942383,C,1.0
0.27630001306533813,E,7
0.3635999858379364,mu,0
0.3125,,
0.37290000915527344,,
0.27869999408721924,,
0.31470000743865967,,
