Gmodel acc,hyper_keys,hyper_item
0.10270000249147415,K,12
0.0982000008225441,B,1024
0.2632000148296356,split_method,bySample_bal_split
0.3100000023841858,C,1.0
0.3702000081539154,E,3
0.31299999356269836,mu,1.0
0.5029000043869019,,
0.37720000743865967,,
0.5088000297546387,,
0.5112000107765198,,
