Gmodel acc,hyper_keys,hyper_item
0.10329999774694443,K,50
0.10760000348091125,B,1024
0.250900000333786,split_method,bySample_bal_split
0.251800000667572,C,1.0
0.29109999537467957,E,3
0.29159998893737793,mu,
0.35010001063346863,,
0.30970001220703125,,
0.35600000619888306,,
0.2485000044107437,,
