Gmodel acc,hyper_keys,hyper_item
0.10450000315904617,K,50
0.11840000003576279,B,1024
0.21490000188350677,split_method,bySample_bal_split
0.271699994802475,C,0.5
0.27630001306533813,E,1
0.1868000030517578,mu,0.0
0.24690000712871552,,
0.33820000290870667,,
0.32269999384880066,,
0.30649998784065247,,
