Gmodel acc,hyper_keys,hyper_item
0.10279999673366547,K,12
0.10100000351667404,B,1024
0.20170000195503235,split_method,bySample_bal_split
0.2535000145435333,C,0.5
0.12870000302791595,E,7
0.2689000070095062,mu,1.0
0.40959998965263367,,
0.28459998965263367,,
0.30979999899864197,,
0.26930001378059387,,
