Gmodel acc,hyper_keys,hyper_item
0.11249999701976776,K,1000
0.20419999957084656,B,1024
0.33329999446868896,split_method,bySample_bal_split
0.33390000462532043,C,1.0
0.32120001316070557,E,3
0.305400013923645,mu,1.0
0.28299999237060547,,
0.26980000734329224,,
0.2768999934196472,,
0.3005000054836273,,
