Gmodel acc,hyper_keys,hyper_item
0.09799999743700027,K,12
0.17640000581741333,B,1024
0.18719999492168427,C,0.5
0.18479999899864197,E,3
0.1242000013589859,mu,0.001
0.18690000474452972,split_method,byClasses_inbal_split
0.1459999978542328,,
0.17389999330043793,,
0.11810000240802765,,
0.10260000079870224,,
