Gmodel acc,hyper_keys,hyper_item
0.09910000115633011,K,50
0.11349999904632568,B,1024
0.26499998569488525,split_method,bySample_bal_split
0.14229999482631683,C,0.1
0.0957999974489212,E,3
0.09740000218153,mu,1.0
0.1882999986410141,,
0.11349999904632568,,
0.29760000109672546,,
0.10170000046491623,,
