Gmodel acc,hyper_keys,hyper_item
0.11819999665021896,K,100
0.18709999322891235,B,1024
0.0957999974489212,split_method,bySample_bal_split
0.2248000055551529,C,0.1
0.0982000008225441,E,3
0.13670000433921814,mu,0.0
0.1492999941110611,,
0.09969999641180038,,
0.11640000343322754,,
0.21130000054836273,,
