Gmodel acc,hyper_keys,hyper_item
0.11739999800920486,K,50
0.1932000070810318,B,1024
0.2797999978065491,split_method,bySample_bal_split
0.34439998865127563,C,1.0
0.38929998874664307,E,3
0.391400009393692,mu,0
0.41019999980926514,,
0.4207000136375427,,
0.4406999945640564,,
0.39730000495910645,,
