Gmodel acc,hyper_keys,hyper_item
0.10109999775886536,K,12
0.10100000351667404,B,1024
0.10100000351667404,split_method,bySample_bal_split
0.10100000351667404,C,0.1
0.11349999904632568,E,1
0.11349999904632568,mu,0.0
0.11349999904632568,,
0.11349999904632568,,
0.11349999904632568,,
0.2102999985218048,,
