Gmodel acc,hyper_keys,hyper_item
0.09740000218153,K,100
0.10279999673366547,B,1024
0.10729999840259552,split_method,bySample_bal_split
0.1137000024318695,C,0.1
0.11640000343322754,E,7
0.11349999904632568,mu,
0.09809999912977219,,
0.10670000314712524,,
0.10320000350475311,,
0.2994000017642975,,
