Gmodel acc,hyper_keys,hyper_item
0.09799999743700027,K,100
0.14000000059604645,B,1024
0.0982000008225441,split_method,bySample_bal_split
0.0982000008225441,C,0.1
0.11349999904632568,E,7
0.11720000207424164,mu,0.0
0.09809999912977219,,
0.1436000019311905,,
0.2825999855995178,,
0.33880001306533813,,
