Gmodel acc,hyper_keys,hyper_item
0.14219999313354492,K,100
0.1525000035762787,B,1024
0.10980000346899033,split_method,bySample_bal_split
0.14790000021457672,C,0.1
0.1940000057220459,E,1
0.2176000028848648,mu,1.0
0.17890000343322754,,
0.18080000579357147,,
0.14800000190734863,,
0.1754000037908554,,
