Gmodel acc,hyper_keys,hyper_item
0.4674000144004822,K,2
0.47699999809265137,B,1024
0.5041999816894531,C,0.5
0.47279998660087585,E,3
0.4797999858856201,mu,0
0.4790000021457672,split_method,bySample_bal_split
0.4814000129699707,,
0.5092999935150146,,
0.5735999941825867,,
0.5108000040054321,,
