Gmodel acc,hyper_keys,hyper_item
0.14100000262260437,K,50
0.1559000015258789,B,1024
0.18299999833106995,split_method,bySample_bal_split
0.21240000426769257,C,0.1
0.1817999929189682,E,1
0.19349999725818634,mu,0
0.10379999876022339,,
0.10320000350475311,,
0.23250000178813934,,
0.23440000414848328,,
