Gmodel acc,hyper_keys,hyper_item
0.11349999904632568,K,1000
0.1136000007390976,B,1024
0.2150000035762787,split_method,bySample_bal_split
0.2053000032901764,C,1.0
0.25290000438690186,E,7
0.2370000034570694,mu,
0.3037000000476837,,
0.20630000531673431,,
0.21050000190734863,,
0.24210000038146973,,
