Gmodel acc,hyper_keys,hyper_item
0.10610000044107437,K,1000
0.11190000176429749,B,1024
0.12229999899864197,split_method,bySample_bal_split
0.12809999287128448,C,0.5
0.14079999923706055,E,1
0.1590999960899353,mu,0.0
0.18610000610351562,,
0.20890000462532043,,
0.23589999973773956,,
0.25540000200271606,,
