Gmodel acc,hyper_keys,hyper_item
0.0957999974489212,K,12
0.1193000003695488,B,1024
0.09799999743700027,split_method,bySample_bal_split
0.19769999384880066,C,0.5
0.2371000051498413,E,3
0.21539999544620514,mu,0
0.18780000507831573,,
0.41280001401901245,,
0.38999998569488525,,
0.351500004529953,,
