Gmodel acc,hyper_keys,hyper_item
0.11720000207424164,K,1000
0.1354999989271164,B,1024
0.14980000257492065,split_method,bySample_bal_split
0.16329999268054962,C,1.0
0.17669999599456787,E,1
0.188400000333786,mu,
0.20029999315738678,,
0.210999995470047,,
0.2207999974489212,,
0.2312999963760376,,
