Gmodel acc,hyper_keys,hyper_item
0.09849999845027924,K,12
0.14249999821186066,B,1024
0.0982000008225441,split_method,bySample_bal_split
0.11349999904632568,C,0.1
0.1485999971628189,E,7
0.1429000049829483,mu,0.0
0.2526000142097473,,
0.0982000008225441,,
0.08919999748468399,,
0.10660000145435333,,
