Gmodel acc,hyper_keys,hyper_item
0.10029999911785126,K,12.0
0.14499999582767487,B,1024.0
0.0763000026345253,C,0.5
0.23019999265670776,E,3.0
