Gmodel acc,hyper_keys,hyper_item
0.08269999921321869,K,12
0.0982000008225441,B,1024
0.10090000182390213,split_method,bySample_bal_split
0.15729999542236328,C,0.1
0.11349999904632568,E,3
0.13230000436306,mu,
0.0957999974489212,,
0.09740000218153,,
0.0957999974489212,,
0.0957999974489212,,
