Gmodel acc,hyper_keys,hyper_item
0.10119999945163727,K,100
0.12919999659061432,B,1024
0.2535000145435333,split_method,bySample_bal_split
0.18809999525547028,C,0.5
0.2768999934196472,E,7
0.12049999833106995,mu,1.0
0.2784999907016754,,
0.10320000350475311,,
0.1462000012397766,,
0.2533999979496002,,
