Gmodel acc,hyper_keys,hyper_item
0.14990000426769257,K,4
0.12160000205039978,B,1024
0.43689998984336853,split_method,bySample_bal_split
0.35019999742507935,C,1
0.654699981212616,E,3
0.5149000287055969,mu,0
0.7379000186920166,,
0.6636999845504761,,
0.7749000191688538,,
0.7239999771118164,,
