Gmodel acc,hyper_keys,hyper_item
0.10530000180006027,K,12
0.11420000344514847,B,1024
0.10279999673366547,split_method,bySample_bal_split
0.10999999940395355,C,0.5
0.14010000228881836,E,1
0.2637999951839447,mu,
0.10329999774694443,,
0.10279999673366547,,
0.16760000586509705,,
0.11230000108480453,,
