Gmodel acc,hyper_keys,hyper_item
0.1469999998807907,K,100
0.19359999895095825,B,1024
0.20569999516010284,split_method,bySample_bal_split
0.18979999423027039,C,1.0
0.17249999940395355,E,3
0.18050000071525574,mu,0
0.19990000128746033,,
0.21940000355243683,,
0.241799995303154,,
0.2574999928474426,,
