Gmodel acc,hyper_keys,hyper_item
0.1080000028014183,K,50
0.12330000102519989,B,1024
0.16930000483989716,split_method,bySample_bal_split
0.1096000000834465,C,0.5
0.18649999797344208,E,1
0.22550000250339508,mu,1.0
0.20900000631809235,,
0.28769999742507935,,
0.2996000051498413,,
0.32749998569488525,,
