Gmodel acc,hyper_keys,hyper_item
0.08919999748468399,K,50
0.10320000350475311,B,1024
0.13609999418258667,split_method,bySample_bal_split
0.13249999284744263,C,0.5
0.15189999341964722,E,7
0.15129999816417694,mu,1.0
0.1599999964237213,,
0.2401999980211258,,
0.26109999418258667,,
0.3003999888896942,,
