Gmodel acc,hyper_keys,hyper_item
0.30410000681877136,K,4.0
0.1777999997138977,B,1024.0
0.2978000044822693,C,0.1
0.2833999991416931,E,3.0
0.41819998621940613,mu,0.0
0.3434999883174896,,
0.33219999074935913,,
0.3589000105857849,,
0.29269999265670776,,
0.34599998593330383,,
