Gmodel acc,hyper_keys,hyper_item
0.13510000705718994,K,1000
0.17990000545978546,B,1024
0.09049999713897705,split_method,bySample_bal_split
0.14329999685287476,C,0.1
0.14790000021457672,E,7
0.2085999995470047,mu,0.0
0.21359999477863312,,
0.11159999668598175,,
0.23549999296665192,,
0.18979999423027039,,
