Gmodel acc,hyper_keys,hyper_item,split_method
0.09799999743700027,K,12.0,byClasses_inbal_split
0.15489999949932098,B,1024.0,
0.1492999941110611,C,0.5,
