Gmodel acc,hyper_keys,hyper_item
0.13539999723434448,K,4
0.3952000141143799,B,1024
0.30809998512268066,split_method,bySample_bal_split
0.6482999920845032,C,1
0.6675000190734863,E,3
0.7369999885559082,mu,0
0.7706999778747559,,
0.8129000067710876,,
0.836899995803833,,
0.847100019454956,,
