Gmodel acc,hyper_keys,hyper_item
0.0997999981045723,K,1000
0.121799997985363,B,1024
0.14630000293254852,split_method,bySample_bal_split
0.26330000162124634,C,0.5
0.3287999927997589,E,7
0.27869999408721924,mu,0.0
0.4009999930858612,,
0.41339999437332153,,
0.4002000093460083,,
0.37689998745918274,,
