Gmodel acc,hyper_keys,hyper_item
0.09920000284910202,K,50
0.10400000214576721,B,1024
0.10890000313520432,split_method,bySample_bal_split
0.20559999346733093,C,0.5
0.12409999966621399,E,7
0.227400004863739,mu,0.0
0.13009999692440033,,
0.2563000023365021,,
0.2062000036239624,,
0.22139999270439148,,
