Gmodel acc,hyper_keys,hyper_item
0.09319999814033508,K,12
0.24940000474452972,B,1024
0.15549999475479126,split_method,bySample_bal_split
0.28630000352859497,C,1.0
0.2558000087738037,E,7
0.35830000042915344,mu,0.0
0.3614000082015991,,
0.4478999972343445,,
0.4810999929904938,,
0.647599995136261,,
