Gmodel acc,hyper_keys,hyper_item
0.19050000607967377,K,100
0.1800999939441681,B,1024
0.17589999735355377,split_method,bySample_bal_split
0.19920000433921814,C,0.5
0.14650000631809235,E,7
0.20440000295639038,mu,
0.2775999903678894,,
0.3089999854564667,,
0.25679999589920044,,
0.29589998722076416,,
