Gmodel acc,hyper_keys,hyper_item
0.0892999991774559,K,1000
0.1298999935388565,B,1024
0.19660000503063202,split_method,bySample_bal_split
0.13729999959468842,C,1.0
0.14339999854564667,E,7
0.16830000281333923,mu,0.0
0.17180000245571136,,
0.17219999432563782,,
0.18060000240802765,,
0.15600000321865082,,
