Gmodel acc,hyper_keys,hyper_item
0.08410000056028366,K,1000
0.10480000078678131,B,1024
0.12280000001192093,split_method,bySample_bal_split
0.14399999380111694,C,0.5
0.15049999952316284,E,1
0.1551000028848648,mu,0
0.1679999977350235,,
0.19670000672340393,,
0.2223999947309494,,
0.2290000021457672,,
