Gmodel acc,hyper_keys,hyper_item
0.14249999821186066,K,100
0.2003999948501587,B,1024
0.1949000060558319,split_method,bySample_bal_split
0.13120000064373016,C,0.5
0.1354999989271164,E,7
0.19619999825954437,mu,0.0
0.18960000574588776,,
0.25609999895095825,,
0.23199999332427979,,
0.2547000050544739,,
