Gmodel acc,hyper_keys,hyper_item
0.12559999525547028,K,100
0.14180000126361847,B,1024
0.15559999644756317,split_method,bySample_bal_split
0.14630000293254852,C,0.1
0.12489999830722809,E,1
0.1460999995470047,mu,0
0.13050000369548798,,
0.17560000717639923,,
0.17839999496936798,,
0.1509000062942505,,
