Gmodel acc,hyper_keys,hyper_item
0.10440000146627426,K,1000
0.11219999939203262,B,1024
0.1152999997138977,split_method,bySample_bal_split
0.1160999983549118,C,0.1
0.14990000426769257,E,3
0.10209999978542328,mu,0
0.21119999885559082,,
0.26759999990463257,,
0.32420000433921814,,
0.3343000113964081,,
