Gmodel acc,hyper_keys,hyper_item
0.1729000061750412,K,12
0.17170000076293945,B,1024
0.21789999306201935,split_method,bySample_bal_split
0.31529998779296875,C,1.0
0.27559998631477356,E,3
0.43050000071525574,mu,
0.3359000086784363,,
0.5123999714851379,,
0.41179999709129333,,
0.39899998903274536,,
