Gmodel acc,hyper_keys,hyper_item
0.20679999887943268,K,100
0.1589999943971634,B,1024
0.12300000339746475,split_method,bySample_bal_split
0.15950000286102295,C,0.5
0.12449999898672104,E,7
0.16859999299049377,mu,0
0.21230000257492065,,
0.25209999084472656,,
0.16429999470710754,,
0.1996999979019165,,
