Gmodel acc,hyper_keys,hyper_item
0.09780000150203705,K,100
0.10100000351667404,B,1024
0.10100000351667404,split_method,bySample_bal_split
0.10100000351667404,C,0.5
0.10140000283718109,E,3
0.10100000351667404,mu,0.0
0.10100000351667404,,
0.1251000016927719,,
0.311599999666214,,
0.2897000014781952,,
