Gmodel acc,hyper_keys,hyper_item
0.11129999905824661,K,50
0.12479999661445618,B,1024
0.1784999966621399,split_method,bySample_bal_split
0.09740000218153,C,0.1
0.18870000541210175,E,3
0.09799999743700027,mu,0.0
0.2151000052690506,,
0.10109999775886536,,
0.23669999837875366,,
0.225600004196167,,
